{
  "$schema": "https://go.kicad.org/pcm/schemas/v1",
  "name": "Space Reliability Calculator",
  "description": "Professional-grade KiCad plugin to estimate system reliability based on IEC TR 62380 for space/aerospace and high-reliability electronics.",
  "description_full": "A professional-grade KiCad plugin for calculating system reliability based on the IEC TR 62380 standard. Designed for space, aerospace, and high-reliability electronics applications.",
  "identifier": "com-github-eliot-abramo-kicad-space-reliability",
  "type": "plugin",
  "author": {
    "name": "Eliot Abramo",
    "contact": {
      "web": "https://github.com/Eliot-Abramo"
    }
  },
  "license": "MIT",
  "resources": {
    "homepage": "https://github.com/Eliot-Abramo/Kicad-Space-Reliability"
  },
  "versions": [
    {
      "version": "2.0",
      "status": "stable",
      "kicad_version": "8.0",
      "download_url": "https://github.com/Eliot-Abramo/Kicad-Space-Reliability/blob/c707155ed49f8c5118fd557947fd473a046bea35/kicad-space-reliability.zip",
      "download_sha256": "2fd0ffcd26d7f0d019bebfacd31c8e30e10fef45bd9388fc516988029d791b35",
      "download_size": 123456,
      "install_size": 456789
    }
  ]
}
