{
  "base_rates": {
    "resistor": {
      "thin_film": 1e-09,
      "thick_film": 3e-09,
      "wirewound": 8e-09
    },
    "capacitor": {
      "ceramic": {
        "class_1": 1.5e-09,
        "class_2": 4e-09
      },
      "tantalum": {
        "solid": 8e-09,
        "wet": 6e-09
      }
    }
  },
  "quality_factors": {
    "A": 0.5,
    "B": 1.0,
    "C": 2.0,
    "D": 4.0
  },
  "environment_factors": {
    "GB": 1.0,
    "GF": 2.0,
    "GM": 5.0,
    "LA": 7.0,
    "OR": 12.0
  },
  "temperature_models": {
    "resistor": {
      "Ea": 3500.0
    },
    "capacitor": {
      "Ea": 4000.0
    },
    "ic": {
      "Ea": 5000.0
    }
  }
}