{
  "$schema": "https://go.kicad.org/pcm/schemas/v1",
  "name": "Space Reliability Calculator",
  "description": "Professional-grade KiCad plugin to estimate system reliability based on IEC TR 62380 for space/aerospace and high-reliability electronics.",
  "description_full": "A professional-grade KiCad plugin for calculating system reliability based on the IEC TR 62380 standard. Designed for space, aerospace, and high-reliability electronics applications.",
  "identifier": "com-github-eliot-abramo-kicad-space-reliability",
  "type": "plugin",
  "author": {
    "name": "Eliot Abramo",
    "contact": {
      "web": "https://github.com/Eliot-Abramo"
    }
  },
  "license": "MIT",
  "resources": {
    "homepage": "https://github.com/Eliot-Abramo/Kicad-Space-Reliability"
  },
  "versions": [
    {
      "version": "2.0",
      "status": "stable",
      "kicad_version": "8.0",
      "download_url": "https://github.com/Eliot-Abramo/Kicad-Space-Reliability/blob/458129f829efbe9329a93cdb7bd5894699f68adf/Kicad-Space-Reliability.zip",
      "download_sha256": "5a6b19334e2684469ad73f8c9ca5589badd6153b13270d4c2e59e3b2e7cb4202",
      "download_size": 123456,
      "install_size": 456789
    }
  ]
}
